8bfe01eaf6b1a2fc41688cdb85cf365412e2c1718d90797f691b7e8c977971e1,4,2015-06-19 04:45:00
8bfe01eaf6b1a2fc41688cdb85cf365412e2c1718d90797f691b7e8c977971e1,4,2015-06-19 05:00:00
8bfe01eaf6b1a2fc41688cdb85cf365412e2c1718d90797f691b7e8c977971e1,4,2015-06-19 05:05:00
0790c1e334f50725686b63f2d8c7510ee5cea506874758aaa1f422703fabe86b,4,2015-06-19 08:40:00
0790c1e334f50725686b63f2d8c7510ee5cea506874758aaa1f422703fabe86b,4,2015-06-19 08:45:00
0790c1e334f50725686b63f2d8c7510ee5cea506874758aaa1f422703fabe86b,4,2015-06-19 08:50:00
0790c1e334f50725686b63f2d8c7510ee5cea506874758aaa1f422703fabe86b,4,2015-06-19 08:55:00
afd88968dbdf3ba47952a4b4667384e4a2389fb0ffa09ce3470c4fe861cc64b1,4,2015-06-19 08:10:00
3f4afd48acaa645956897de9100cafc4dbce01d48eb924f3bb5b852aca16088d,4,2015-06-19 08:35:00
3f4afd48acaa645956897de9100cafc4dbce01d48eb924f3bb5b852aca16088d,4,2015-06-19 08:55:00
76d33c3108a6f27042ffebbebdfa1c9035de51f32ca038e0e224bb687d1d74fb,4,2015-06-19 00:10:00
023962bb146e28fb795e92fa951b986222f562f3ef97ecb7823080c6cad97be8,4,2015-06-19 08:05:00
023962bb146e28fb795e92fa951b986222f562f3ef97ecb7823080c6cad97be8,4,2015-06-19 08:10:00
023962bb146e28fb795e92fa951b986222f562f3ef97ecb7823080c6cad97be8,4,2015-06-19 08:15:00
023962bb146e28fb795e92fa951b986222f562f3ef97ecb7823080c6cad97be8,4,2015-06-19 08:25:00
023962bb146e28fb795e92fa951b986222f562f3ef97ecb7823080c6cad97be8,4,2015-06-19 08:30:00
023962bb146e28fb795e92fa951b986222f562f3ef97ecb7823080c6cad97be8,4,2015-06-19 08:35:00
023962bb146e28fb795e92fa951b986222f562f3ef97ecb7823080c6cad97be8,4,2015-06-19 08:40:00
023962bb146e28fb795e92fa951b986222f562f3ef97ecb7823080c6cad97be8,4,2015-06-19 08:45:00
023962bb146e28fb795e92fa951b986222f562f3ef97ecb7823080c6cad97be8,4,2015-06-19 08:50:00
3946f68b7845a3e9d6b1dfd3866f23a972b5ab05d42f8fafdd5471b995fb07f1,4,2015-06-19 08:50:00
3946f68b7845a3e9d6b1dfd3866f23a972b5ab05d42f8fafdd5471b995fb07f1,4,2015-06-19 08:55:00
b228d3c46f4cea29f8edb0f2a6161a2aeec4c2c290b42d082852ee055b3eacb8,4,2015-06-19 07:50:00
b228d3c46f4cea29f8edb0f2a6161a2aeec4c2c290b42d082852ee055b3eacb8,4,2015-06-19 07:55:00
b228d3c46f4cea29f8edb0f2a6161a2aeec4c2c290b42d082852ee055b3eacb8,4,2015-06-19 08:00:00
b228d3c46f4cea29f8edb0f2a6161a2aeec4c2c290b42d082852ee055b3eacb8,4,2015-06-19 08:35:00
b228d3c46f4cea29f8edb0f2a6161a2aeec4c2c290b42d082852ee055b3eacb8,4,2015-06-19 08:50:00
b228d3c46f4cea29f8edb0f2a6161a2aeec4c2c290b42d082852ee055b3eacb8,4,2015-06-19 08:55:00
77c26308abcae239add39bdc1aea00507704809bbe871ea49f9a09a70b0dc494,4,2015-06-19 00:05:00
77c26308abcae239add39bdc1aea00507704809bbe871ea49f9a09a70b0dc494,4,2015-06-19 00:10:00
77c26308abcae239add39bdc1aea00507704809bbe871ea49f9a09a70b0dc494,4,2015-06-19 00:15:00
77c26308abcae239add39bdc1aea00507704809bbe871ea49f9a09a70b0dc494,4,2015-06-19 01:10:00
77c26308abcae239add39bdc1aea00507704809bbe871ea49f9a09a70b0dc494,4,2015-06-19 01:25:00
77c26308abcae239add39bdc1aea00507704809bbe871ea49f9a09a70b0dc494,4,2015-06-19 02:00:00
77c26308abcae239add39bdc1aea00507704809bbe871ea49f9a09a70b0dc494,4,2015-06-19 02:20:00
77c26308abcae239add39bdc1aea00507704809bbe871ea49f9a09a70b0dc494,4,2015-06-19 02:25:00
77c26308abcae239add39bdc1aea00507704809bbe871ea49f9a09a70b0dc494,4,2015-06-19 02:30:00
77c26308abcae239add39bdc1aea00507704809bbe871ea49f9a09a70b0dc494,4,2015-06-19 02:40:00
f3ba21178be79cddf469381820545bbcdc436f8b96e1e79fec7a4b6de8ca7817,4,2015-06-19 08:00:00
f3ba21178be79cddf469381820545bbcdc436f8b96e1e79fec7a4b6de8ca7817,4,2015-06-19 08:10:00
59345045753be638c5451120fb0408ff5133e8f0cf1fc9734cdbb76ed1748601,4,2015-06-19 01:10:00
b76fd6a4642cefecdab65882fb8eba3cdd2f3368123decc294681cb556f758c7,4,2015-06-19 01:15:00
7fe0efa8c38f49508a89b8641c4ebec644aaf698bc7aaa8748b9cd47329f3a50,4,2015-06-19 08:35:00
7a5438353856ad244d473ff0d955f59585dafc77666e8fe47236dde61e8c5337,4,2015-06-19 08:05:00
a982902cf57d3517635cb7ec9e7c1c068826f5cde6e54ad6085ba3dae078c711,4,2015-06-19 07:15:00
a982902cf57d3517635cb7ec9e7c1c068826f5cde6e54ad6085ba3dae078c711,4,2015-06-19 07:25:00
a982902cf57d3517635cb7ec9e7c1c068826f5cde6e54ad6085ba3dae078c711,4,2015-06-19 07:35:00
a982902cf57d3517635cb7ec9e7c1c068826f5cde6e54ad6085ba3dae078c711,4,2015-06-19 08:10:00
a982902cf57d3517635cb7ec9e7c1c068826f5cde6e54ad6085ba3dae078c711,4,2015-06-19 08:20:00
a982902cf57d3517635cb7ec9e7c1c068826f5cde6e54ad6085ba3dae078c711,4,2015-06-19 08:25:00
a982902cf57d3517635cb7ec9e7c1c068826f5cde6e54ad6085ba3dae078c711,4,2015-06-19 08:40:00
a982902cf57d3517635cb7ec9e7c1c068826f5cde6e54ad6085ba3dae078c711,4,2015-06-19 08:55:00
73f3c801af63f2ed553caa0245e4983a5be0869b1e4226b06339705a4955da3a,4,2015-06-19 00:30:00
73f3c801af63f2ed553caa0245e4983a5be0869b1e4226b06339705a4955da3a,4,2015-06-19 00:35:00
d9e25613743cac1ea41a1501ef694b6077050fdc2e86ef8d88352e30a139babe,4,2015-06-19 00:15:00
4b86054fc98b411524c559722c76cfad86b2b7c61bf4db705170c35601041ea1,4,2015-06-19 08:05:00
79700ccf367c2523aa0272c2418b7104de0dd5d7f27290ddba8a8c1c9ef451b9,4,2015-06-19 00:10:00
f2137887f94ad0714a2975835a0886b4239750875c93715aa9a5317d2ab0e91c,4,2015-06-19 08:00:00
f2137887f94ad0714a2975835a0886b4239750875c93715aa9a5317d2ab0e91c,4,2015-06-19 08:35:00
21827c3a702c8f6913867aa03e318c35a903810752e2230e31b40d1409157223,4,2015-06-19 00:00:00
21827c3a702c8f6913867aa03e318c35a903810752e2230e31b40d1409157223,4,2015-06-19 00:05:00
21827c3a702c8f6913867aa03e318c35a903810752e2230e31b40d1409157223,4,2015-06-19 00:10:00
21827c3a702c8f6913867aa03e318c35a903810752e2230e31b40d1409157223,4,2015-06-19 00:15:00
21827c3a702c8f6913867aa03e318c35a903810752e2230e31b40d1409157223,4,2015-06-19 00:25:00
21827c3a702c8f6913867aa03e318c35a903810752e2230e31b40d1409157223,4,2015-06-19 00:35:00
21827c3a702c8f6913867aa03e318c35a903810752e2230e31b40d1409157223,4,2015-06-19 00:40:00
21827c3a702c8f6913867aa03e318c35a903810752e2230e31b40d1409157223,4,2015-06-19 00:45:00
21827c3a702c8f6913867aa03e318c35a903810752e2230e31b40d1409157223,4,2015-06-19 00:50:00
21827c3a702c8f6913867aa03e318c35a903810752e2230e31b40d1409157223,4,2015-06-19 00:55:00
21827c3a702c8f6913867aa03e318c35a903810752e2230e31b40d1409157223,4,2015-06-19 01:05:00
21827c3a702c8f6913867aa03e318c35a903810752e2230e31b40d1409157223,4,2015-06-19 01:35:00
21827c3a702c8f6913867aa03e318c35a903810752e2230e31b40d1409157223,4,2015-06-19 02:50:00
21827c3a702c8f6913867aa03e318c35a903810752e2230e31b40d1409157223,4,2015-06-19 02:55:00
21827c3a702c8f6913867aa03e318c35a903810752e2230e31b40d1409157223,4,2015-06-19 03:00:00
21827c3a702c8f6913867aa03e318c35a903810752e2230e31b40d1409157223,4,2015-06-19 03:05:00
b46c55043bd3aa16f4a709bc0622e73be4f81d34e52b087996c24fae07fb1d13,4,2015-06-19 05:05:00
7a80973730d195e74e25de07d98589cde79f13c3cccc930c8a6644ee46ada953,4,2015-06-19 00:10:00
850850ec664de26039a0dc01d8a768c46a942d59aac83545ac92fee08d7638d8,4,2015-06-19 02:00:00
957dcd89fb3458b3d3371afaa552c7e45e1e4a63d5fb19703a2d5fd1850985ee,4,2015-06-19 08:05:00
4d84e06cd9ec70c4744f657ae2b7e91ead69182aed3e25045a8a8557eb23b771,4,2015-06-19 06:40:00
4d84e06cd9ec70c4744f657ae2b7e91ead69182aed3e25045a8a8557eb23b771,4,2015-06-19 06:50:00
4d84e06cd9ec70c4744f657ae2b7e91ead69182aed3e25045a8a8557eb23b771,4,2015-06-19 06:55:00
4d84e06cd9ec70c4744f657ae2b7e91ead69182aed3e25045a8a8557eb23b771,4,2015-06-19 07:00:00
4d84e06cd9ec70c4744f657ae2b7e91ead69182aed3e25045a8a8557eb23b771,4,2015-06-19 07:15:00
4d84e06cd9ec70c4744f657ae2b7e91ead69182aed3e25045a8a8557eb23b771,4,2015-06-19 07:20:00
4d84e06cd9ec70c4744f657ae2b7e91ead69182aed3e25045a8a8557eb23b771,4,2015-06-19 07:25:00
4d84e06cd9ec70c4744f657ae2b7e91ead69182aed3e25045a8a8557eb23b771,4,2015-06-19 07:30:00
4d84e06cd9ec70c4744f657ae2b7e91ead69182aed3e25045a8a8557eb23b771,4,2015-06-19 07:35:00
4d84e06cd9ec70c4744f657ae2b7e91ead69182aed3e25045a8a8557eb23b771,4,2015-06-19 07:50:00
4d84e06cd9ec70c4744f657ae2b7e91ead69182aed3e25045a8a8557eb23b771,4,2015-06-19 07:55:00
4d84e06cd9ec70c4744f657ae2b7e91ead69182aed3e25045a8a8557eb23b771,4,2015-06-19 08:10:00
4d84e06cd9ec70c4744f657ae2b7e91ead69182aed3e25045a8a8557eb23b771,4,2015-06-19 08:15:00
4d84e06cd9ec70c4744f657ae2b7e91ead69182aed3e25045a8a8557eb23b771,4,2015-06-19 08:20:00
4d84e06cd9ec70c4744f657ae2b7e91ead69182aed3e25045a8a8557eb23b771,4,2015-06-19 08:40:00
4d84e06cd9ec70c4744f657ae2b7e91ead69182aed3e25045a8a8557eb23b771,4,2015-06-19 08:45:00
4d84e06cd9ec70c4744f657ae2b7e91ead69182aed3e25045a8a8557eb23b771,4,2015-06-19 08:50:00
4d84e06cd9ec70c4744f657ae2b7e91ead69182aed3e25045a8a8557eb23b771,4,2015-06-19 08:55:00
048902a1affc1c8ed7bff8e10e3f3b690950d6bc71fc28c19cbedf5bd1285323,4,2015-06-19 00:05:00
048902a1affc1c8ed7bff8e10e3f3b690950d6bc71fc28c19cbedf5bd1285323,4,2015-06-19 00:35:00
048902a1affc1c8ed7bff8e10e3f3b690950d6bc71fc28c19cbedf5bd1285323,4,2015-06-19 00:40:00
048902a1affc1c8ed7bff8e10e3f3b690950d6bc71fc28c19cbedf5bd1285323,4,2015-06-19 02:30:00
048902a1affc1c8ed7bff8e10e3f3b690950d6bc71fc28c19cbedf5bd1285323,4,2015-06-19 02:35:00
9ccff2ed8aaf8d785ee9405837f7e4933acdd03761445e815cf79238092cdc93,4,2015-06-19 00:30:00
405a6b82623fe0870915e091c393b6b6532eab6042363ac808e7874323adbf14,4,2015-06-19 00:50:00
cb5ae7193ec02bfc60a9149c246fa0ccf846e1f392cff4f26e77b5e554fa1fbd,4,2015-06-19 08:25:00
cb5ae7193ec02bfc60a9149c246fa0ccf846e1f392cff4f26e77b5e554fa1fbd,4,2015-06-19 08:30:00
81907bf23726f8cf66db6e3c630e96b330402a0e4a27de3de023b9ff3491ae12,4,2015-06-19 02:30:00
81907bf23726f8cf66db6e3c630e96b330402a0e4a27de3de023b9ff3491ae12,4,2015-06-19 02:35:00
124d146fff93818722c402c80ed6ee43fe02cbdf8bcef3320be8fc241284f14a,4,2015-06-19 06:30:00
124d146fff93818722c402c80ed6ee43fe02cbdf8bcef3320be8fc241284f14a,4,2015-06-19 06:35:00
124d146fff93818722c402c80ed6ee43fe02cbdf8bcef3320be8fc241284f14a,4,2015-06-19 06:40:00
99855d8f42a25e51195f4587fdd90cee85c31a57004fde9e80a4a8ddc2f7e28f,4,2015-06-19 08:05:00
99855d8f42a25e51195f4587fdd90cee85c31a57004fde9e80a4a8ddc2f7e28f,4,2015-06-19 08:50:00
0be467c701b0dd89f565a39193ff1c34eac43b03f5356c4d5977ada7029fa56b,4,2015-06-19 00:10:00
41e06935340c4277cb760003648f412e9dee52d9a6740671690b1c53c671e159,4,2015-06-19 08:30:00
6b806ffeb91c9b9bbabeaed388e43c4c06a311b0cab1a53c46fa9df6d7216525,4,2015-06-19 00:35:00
25992455fef071ff47bc0a05e51514fbc626bbf6a02a06ade952f9f6be77aae3,4,2015-06-19 07:20:00
25992455fef071ff47bc0a05e51514fbc626bbf6a02a06ade952f9f6be77aae3,4,2015-06-19 08:05:00
bf5662ca1d89ef2d31e97db93e0a93ad532c07eedd37fe32abcc0a631c186ae3,4,2015-06-19 00:35:00
c4e87139d2683f9bb0b89b60bacf51a4f2e74e53396cf289f1219c56aa07a984,4,2015-06-19 08:20:00
c4e87139d2683f9bb0b89b60bacf51a4f2e74e53396cf289f1219c56aa07a984,4,2015-06-19 08:25:00
9703e98378dc3e569f4695c8c0ed1459d27202988b412fdba58ecfea767e2994,4,2015-06-19 02:15:00
9703e98378dc3e569f4695c8c0ed1459d27202988b412fdba58ecfea767e2994,4,2015-06-19 02:35:00
d1ef71b3c93963f41b31769377f6d2b528b903f8912e2be4d89ceeb96e1e2500,4,2015-06-19 00:00:00
d1ef71b3c93963f41b31769377f6d2b528b903f8912e2be4d89ceeb96e1e2500,4,2015-06-19 00:05:00
d1ef71b3c93963f41b31769377f6d2b528b903f8912e2be4d89ceeb96e1e2500,4,2015-06-19 00:10:00
d1ef71b3c93963f41b31769377f6d2b528b903f8912e2be4d89ceeb96e1e2500,4,2015-06-19 00:20:00
d1ef71b3c93963f41b31769377f6d2b528b903f8912e2be4d89ceeb96e1e2500,4,2015-06-19 00:25:00
d1ef71b3c93963f41b31769377f6d2b528b903f8912e2be4d89ceeb96e1e2500,4,2015-06-19 01:10:00
d1ef71b3c93963f41b31769377f6d2b528b903f8912e2be4d89ceeb96e1e2500,4,2015-06-19 02:55:00
f47b0365ee9f1cb0af4bea300101e1f3d1fdaeb6f9b983b49ce2c482e28de35c,4,2015-06-19 02:10:00
f47b0365ee9f1cb0af4bea300101e1f3d1fdaeb6f9b983b49ce2c482e28de35c,4,2015-06-19 06:55:00
891fa315dc38415a72b7aa115bfac6e7ee6bb55cddf65155bc8787348ff05d4e,4,2015-06-19 02:25:00
891fa315dc38415a72b7aa115bfac6e7ee6bb55cddf65155bc8787348ff05d4e,4,2015-06-19 08:55:00
3cb96d8107bc6eda147662c7b6e95558b26cdcf373e2b7d5dd829f632631f1e1,4,2015-06-19 02:50:00
a6b351c381982abdce02bcbe44af065406761bf46990357c7034fff222909f52,4,2015-06-19 00:15:00
25db89ee81c4b654779b2f57ac88bde6e20a227e5f00e8f9ac40729f5c1dafb7,4,2015-06-19 07:45:00
25db89ee81c4b654779b2f57ac88bde6e20a227e5f00e8f9ac40729f5c1dafb7,4,2015-06-19 07:50:00
f4c5016bc665ff0c7f9c2e05e67f56bd26f0af8d4009b3fe32991ccd74c822ab,4,2015-06-19 08:55:00
92e2d60c5427d251dcf27fb443760ca11ad70988c60aec68cedcff93d27e44ea,4,2015-06-19 07:50:00
099a4894abc3fb255d1681e0718812d847ab8b29d3eae71585980fb712205834,4,2015-06-19 01:25:00
1bd9b09668d14b5aa854f47d96433f057ed077d71621d352c195c2b13b84d0df,4,2015-06-19 00:40:00
1bd9b09668d14b5aa854f47d96433f057ed077d71621d352c195c2b13b84d0df,4,2015-06-19 04:00:00
b2e5a2ad01441d76ace3eeed3730b1242fdce94862180bcf5668ea60312dc9ba,4,2015-06-19 07:50:00
e05a9e6cbad22bdcc92fe7fc8066b170cbc08438fc6d54dd21c1396b1af07106,4,2015-06-19 08:55:00
db3ae43eb3215c1b5a9f65e2b252983d09a2bba8bce2f3a3dab50fe7895f8690,4,2015-06-19 08:00:00
db3ae43eb3215c1b5a9f65e2b252983d09a2bba8bce2f3a3dab50fe7895f8690,4,2015-06-19 08:30:00
7b0013ea633e4af6bb152333903c6c34ccce6c9ad66e8c9295277f6c65c47949,4,2015-06-19 00:20:00
7b0013ea633e4af6bb152333903c6c34ccce6c9ad66e8c9295277f6c65c47949,4,2015-06-19 01:10:00
7b0013ea633e4af6bb152333903c6c34ccce6c9ad66e8c9295277f6c65c47949,4,2015-06-19 02:00:00
7b0013ea633e4af6bb152333903c6c34ccce6c9ad66e8c9295277f6c65c47949,4,2015-06-19 02:50:00
7b0013ea633e4af6bb152333903c6c34ccce6c9ad66e8c9295277f6c65c47949,4,2015-06-19 03:05:00
7b0013ea633e4af6bb152333903c6c34ccce6c9ad66e8c9295277f6c65c47949,4,2015-06-19 05:05:00
7b0013ea633e4af6bb152333903c6c34ccce6c9ad66e8c9295277f6c65c47949,4,2015-06-19 05:45:00
7b0013ea633e4af6bb152333903c6c34ccce6c9ad66e8c9295277f6c65c47949,4,2015-06-19 05:55:00
4c27dad93551aa07cc1ba40b19350d04f7931ba688f72927494e89987d96ff37,4,2015-06-19 08:55:00
2095ad424f4fc62f74cbe7635f0edc5a22ed1714b19c079f47db6e7f87b5bc66,4,2015-06-19 00:00:00
b7026ccba5e616f729aa12f4e8402737e1adfe1189831386e65a13086ceea08b,4,2015-06-19 02:55:00
a5d841fae6ec0ed2655a966d5179f4b0fef3bde0b47bf5dd3377a4550f104b1f,4,2015-06-19 08:50:00
5a6aee48b146b859bbe752d682e45bb3247949084279ca26e5d9c01e7864532a,4,2015-06-19 00:00:00
2eb834e28cd1a4aea6057b6ee79efae58bdfeaf92af3d3b001a34a041b1045b0,4,2015-06-19 00:00:00
2eb834e28cd1a4aea6057b6ee79efae58bdfeaf92af3d3b001a34a041b1045b0,4,2015-06-19 00:05:00
2eb834e28cd1a4aea6057b6ee79efae58bdfeaf92af3d3b001a34a041b1045b0,4,2015-06-19 00:25:00
2eb834e28cd1a4aea6057b6ee79efae58bdfeaf92af3d3b001a34a041b1045b0,4,2015-06-19 08:35:00
8bfcc52405114e51592ed77c197e0b6e1e491b99979bacfe5b1627ed67a793aa,4,2015-06-19 00:00:00
8bfcc52405114e51592ed77c197e0b6e1e491b99979bacfe5b1627ed67a793aa,4,2015-06-19 00:05:00
8bfcc52405114e51592ed77c197e0b6e1e491b99979bacfe5b1627ed67a793aa,4,2015-06-19 00:35:00
8bfcc52405114e51592ed77c197e0b6e1e491b99979bacfe5b1627ed67a793aa,4,2015-06-19 00:40:00
8bfcc52405114e51592ed77c197e0b6e1e491b99979bacfe5b1627ed67a793aa,4,2015-06-19 00:45:00
8bfcc52405114e51592ed77c197e0b6e1e491b99979bacfe5b1627ed67a793aa,4,2015-06-19 00:50:00
8bfcc52405114e51592ed77c197e0b6e1e491b99979bacfe5b1627ed67a793aa,4,2015-06-19 01:20:00
8bfcc52405114e51592ed77c197e0b6e1e491b99979bacfe5b1627ed67a793aa,4,2015-06-19 01:25:00
8bfcc52405114e51592ed77c197e0b6e1e491b99979bacfe5b1627ed67a793aa,4,2015-06-19 02:50:00
8bfcc52405114e51592ed77c197e0b6e1e491b99979bacfe5b1627ed67a793aa,4,2015-06-19 03:20:00
8bfcc52405114e51592ed77c197e0b6e1e491b99979bacfe5b1627ed67a793aa,4,2015-06-19 03:40:00
8bfcc52405114e51592ed77c197e0b6e1e491b99979bacfe5b1627ed67a793aa,4,2015-06-19 03:45:00
8bfcc52405114e51592ed77c197e0b6e1e491b99979bacfe5b1627ed67a793aa,4,2015-06-19 06:40:00
8bfcc52405114e51592ed77c197e0b6e1e491b99979bacfe5b1627ed67a793aa,4,2015-06-19 07:00:00
8bfcc52405114e51592ed77c197e0b6e1e491b99979bacfe5b1627ed67a793aa,4,2015-06-19 08:05:00
881fb28114f97e94b4675539b422ee04fc195165885fcec062cc87ddf87ff851,4,2015-06-19 08:35:00
881fb28114f97e94b4675539b422ee04fc195165885fcec062cc87ddf87ff851,4,2015-06-19 08:40:00
484ee6fe2827795e4b19da16663dccbfe08f77b0c3abf0a1c2d23f9b43fae928,4,2015-06-19 06:30:00
484ee6fe2827795e4b19da16663dccbfe08f77b0c3abf0a1c2d23f9b43fae928,4,2015-06-19 07:10:00
484ee6fe2827795e4b19da16663dccbfe08f77b0c3abf0a1c2d23f9b43fae928,4,2015-06-19 07:25:00
484ee6fe2827795e4b19da16663dccbfe08f77b0c3abf0a1c2d23f9b43fae928,4,2015-06-19 07:55:00
484ee6fe2827795e4b19da16663dccbfe08f77b0c3abf0a1c2d23f9b43fae928,4,2015-06-19 08:00:00
484ee6fe2827795e4b19da16663dccbfe08f77b0c3abf0a1c2d23f9b43fae928,4,2015-06-19 08:05:00
484ee6fe2827795e4b19da16663dccbfe08f77b0c3abf0a1c2d23f9b43fae928,4,2015-06-19 08:10:00
484ee6fe2827795e4b19da16663dccbfe08f77b0c3abf0a1c2d23f9b43fae928,4,2015-06-19 08:50:00
40594759096a0f2b743f0f73987a63985bf052287c550fda825b88167475593f,4,2015-06-19 03:40:00
40594759096a0f2b743f0f73987a63985bf052287c550fda825b88167475593f,4,2015-06-19 03:45:00
40594759096a0f2b743f0f73987a63985bf052287c550fda825b88167475593f,4,2015-06-19 03:50:00
40594759096a0f2b743f0f73987a63985bf052287c550fda825b88167475593f,4,2015-06-19 03:55:00
40594759096a0f2b743f0f73987a63985bf052287c550fda825b88167475593f,4,2015-06-19 04:00:00
40594759096a0f2b743f0f73987a63985bf052287c550fda825b88167475593f,4,2015-06-19 04:05:00
d3d172ee8d1ac84bb35572015d83ba89924520a9dd800f63cdbb25fae4926703,4,2015-06-19 00:00:00
d3d172ee8d1ac84bb35572015d83ba89924520a9dd800f63cdbb25fae4926703,4,2015-06-19 00:05:00
d3d172ee8d1ac84bb35572015d83ba89924520a9dd800f63cdbb25fae4926703,4,2015-06-19 00:10:00
d3d172ee8d1ac84bb35572015d83ba89924520a9dd800f63cdbb25fae4926703,4,2015-06-19 00:15:00
d3d172ee8d1ac84bb35572015d83ba89924520a9dd800f63cdbb25fae4926703,4,2015-06-19 00:20:00
d3d172ee8d1ac84bb35572015d83ba89924520a9dd800f63cdbb25fae4926703,4,2015-06-19 00:25:00
d3d172ee8d1ac84bb35572015d83ba89924520a9dd800f63cdbb25fae4926703,4,2015-06-19 00:30:00
d3d172ee8d1ac84bb35572015d83ba89924520a9dd800f63cdbb25fae4926703,4,2015-06-19 00:35:00
d3d172ee8d1ac84bb35572015d83ba89924520a9dd800f63cdbb25fae4926703,4,2015-06-19 00:40:00
d3d172ee8d1ac84bb35572015d83ba89924520a9dd800f63cdbb25fae4926703,4,2015-06-19 00:45:00
d3d172ee8d1ac84bb35572015d83ba89924520a9dd800f63cdbb25fae4926703,4,2015-06-19 00:50:00
d3d172ee8d1ac84bb35572015d83ba89924520a9dd800f63cdbb25fae4926703,4,2015-06-19 00:55:00
d3d172ee8d1ac84bb35572015d83ba89924520a9dd800f63cdbb25fae4926703,4,2015-06-19 01:00:00
d3d172ee8d1ac84bb35572015d83ba89924520a9dd800f63cdbb25fae4926703,4,2015-06-19 01:05:00
d3d172ee8d1ac84bb35572015d83ba89924520a9dd800f63cdbb25fae4926703,4,2015-06-19 01:10:00
d3d172ee8d1ac84bb35572015d83ba89924520a9dd800f63cdbb25fae4926703,4,2015-06-19 01:15:00
d3d172ee8d1ac84bb35572015d83ba89924520a9dd800f63cdbb25fae4926703,4,2015-06-19 01:20:00
d3d172ee8d1ac84bb35572015d83ba89924520a9dd800f63cdbb25fae4926703,4,2015-06-19 01:25:00
d3d172ee8d1ac84bb35572015d83ba89924520a9dd800f63cdbb25fae4926703,4,2015-06-19 01:30:00
d3d172ee8d1ac84bb35572015d83ba89924520a9dd800f63cdbb25fae4926703,4,2015-06-19 01:35:00
d3d172ee8d1ac84bb35572015d83ba89924520a9dd800f63cdbb25fae4926703,4,2015-06-19 01:40:00
d3d172ee8d1ac84bb35572015d83ba89924520a9dd800f63cdbb25fae4926703,4,2015-06-19 01:45:00
d3d172ee8d1ac84bb35572015d83ba89924520a9dd800f63cdbb25fae4926703,4,2015-06-19 01:50:00
d3d172ee8d1ac84bb35572015d83ba89924520a9dd800f63cdbb25fae4926703,4,2015-06-19 01:55:00
d3d172ee8d1ac84bb35572015d83ba89924520a9dd800f63cdbb25fae4926703,4,2015-06-19 02:00:00
d3d172ee8d1ac84bb35572015d83ba89924520a9dd800f63cdbb25fae4926703,4,2015-06-19 02:05:00
d3d172ee8d1ac84bb35572015d83ba89924520a9dd800f63cdbb25fae4926703,4,2015-06-19 02:10:00
d3d172ee8d1ac84bb35572015d83ba89924520a9dd800f63cdbb25fae4926703,4,2015-06-19 02:15:00
d3d172ee8d1ac84bb35572015d83ba89924520a9dd800f63cdbb25fae4926703,4,2015-06-19 02:20:00
d3d172ee8d1ac84bb35572015d83ba89924520a9dd800f63cdbb25fae4926703,4,2015-06-19 02:25:00
d3d172ee8d1ac84bb35572015d83ba89924520a9dd800f63cdbb25fae4926703,4,2015-06-19 02:30:00
d3d172ee8d1ac84bb35572015d83ba89924520a9dd800f63cdbb25fae4926703,4,2015-06-19 02:35:00
d3d172ee8d1ac84bb35572015d83ba89924520a9dd800f63cdbb25fae4926703,4,2015-06-19 02:40:00
d3d172ee8d1ac84bb35572015d83ba89924520a9dd800f63cdbb25fae4926703,4,2015-06-19 02:45:00
d3d172ee8d1ac84bb35572015d83ba89924520a9dd800f63cdbb25fae4926703,4,2015-06-19 02:50:00
d3d172ee8d1ac84bb35572015d83ba89924520a9dd800f63cdbb25fae4926703,4,2015-06-19 02:55:00
d3d172ee8d1ac84bb35572015d83ba89924520a9dd800f63cdbb25fae4926703,4,2015-06-19 03:00:00
d3d172ee8d1ac84bb35572015d83ba89924520a9dd800f63cdbb25fae4926703,4,2015-06-19 03:05:00
d3d172ee8d1ac84bb35572015d83ba89924520a9dd800f63cdbb25fae4926703,4,2015-06-19 03:10:00
d3d172ee8d1ac84bb35572015d83ba89924520a9dd800f63cdbb25fae4926703,4,2015-06-19 03:15:00
d3d172ee8d1ac84bb35572015d83ba89924520a9dd800f63cdbb25fae4926703,4,2015-06-19 03:20:00
d3d172ee8d1ac84bb35572015d83ba89924520a9dd800f63cdbb25fae4926703,4,2015-06-19 03:25:00
d3d172ee8d1ac84bb35572015d83ba89924520a9dd800f63cdbb25fae4926703,4,2015-06-19 03:30:00
d3d172ee8d1ac84bb35572015d83ba89924520a9dd800f63cdbb25fae4926703,4,2015-06-19 03:35:00
d3d172ee8d1ac84bb35572015d83ba89924520a9dd800f63cdbb25fae4926703,4,2015-06-19 03:40:00
d3d172ee8d1ac84bb35572015d83ba89924520a9dd800f63cdbb25fae4926703,4,2015-06-19 03:45:00
d3d172ee8d1ac84bb35572015d83ba89924520a9dd800f63cdbb25fae4926703,4,2015-06-19 03:50:00
d3d172ee8d1ac84bb35572015d83ba89924520a9dd800f63cdbb25fae4926703,4,2015-06-19 03:55:00
d3d172ee8d1ac84bb35572015d83ba89924520a9dd800f63cdbb25fae4926703,4,2015-06-19 04:00:00
d3d172ee8d1ac84bb35572015d83ba89924520a9dd800f63cdbb25fae4926703,4,2015-06-19 04:05:00
d3d172ee8d1ac84bb35572015d83ba89924520a9dd800f63cdbb25fae4926703,4,2015-06-19 04:10:00
d3d172ee8d1ac84bb35572015d83ba89924520a9dd800f63cdbb25fae4926703,4,2015-06-19 04:15:00
d3d172ee8d1ac84bb35572015d83ba89924520a9dd800f63cdbb25fae4926703,4,2015-06-19 04:20:00
d3d172ee8d1ac84bb35572015d83ba89924520a9dd800f63cdbb25fae4926703,4,2015-06-19 04:25:00
d3d172ee8d1ac84bb35572015d83ba89924520a9dd800f63cdbb25fae4926703,4,2015-06-19 04:30:00
d3d172ee8d1ac84bb35572015d83ba89924520a9dd800f63cdbb25fae4926703,4,2015-06-19 04:35:00
d3d172ee8d1ac84bb35572015d83ba89924520a9dd800f63cdbb25fae4926703,4,2015-06-19 04:40:00
d3d172ee8d1ac84bb35572015d83ba89924520a9dd800f63cdbb25fae4926703,4,2015-06-19 04:45:00
d3d172ee8d1ac84bb35572015d83ba89924520a9dd800f63cdbb25fae4926703,4,2015-06-19 04:50:00
d3d172ee8d1ac84bb35572015d83ba89924520a9dd800f63cdbb25fae4926703,4,2015-06-19 04:55:00
d3d172ee8d1ac84bb35572015d83ba89924520a9dd800f63cdbb25fae4926703,4,2015-06-19 05:00:00
d3d172ee8d1ac84bb35572015d83ba89924520a9dd800f63cdbb25fae4926703,4,2015-06-19 05:05:00
d3d172ee8d1ac84bb35572015d83ba89924520a9dd800f63cdbb25fae4926703,4,2015-06-19 05:10:00
d3d172ee8d1ac84bb35572015d83ba89924520a9dd800f63cdbb25fae4926703,4,2015-06-19 05:15:00
d3d172ee8d1ac84bb35572015d83ba89924520a9dd800f63cdbb25fae4926703,4,2015-06-19 05:20:00
d3d172ee8d1ac84bb35572015d83ba89924520a9dd800f63cdbb25fae4926703,4,2015-06-19 05:25:00
d3d172ee8d1ac84bb35572015d83ba89924520a9dd800f63cdbb25fae4926703,4,2015-06-19 05:30:00
d3d172ee8d1ac84bb35572015d83ba89924520a9dd800f63cdbb25fae4926703,4,2015-06-19 05:35:00
d3d172ee8d1ac84bb35572015d83ba89924520a9dd800f63cdbb25fae4926703,4,2015-06-19 05:40:00
d3d172ee8d1ac84bb35572015d83ba89924520a9dd800f63cdbb25fae4926703,4,2015-06-19 05:45:00
d3d172ee8d1ac84bb35572015d83ba89924520a9dd800f63cdbb25fae4926703,4,2015-06-19 05:50:00
d3d172ee8d1ac84bb35572015d83ba89924520a9dd800f63cdbb25fae4926703,4,2015-06-19 05:55:00
d3d172ee8d1ac84bb35572015d83ba89924520a9dd800f63cdbb25fae4926703,4,2015-06-19 06:00:00
d3d172ee8d1ac84bb35572015d83ba89924520a9dd800f63cdbb25fae4926703,4,2015-06-19 06:05:00
d3d172ee8d1ac84bb35572015d83ba89924520a9dd800f63cdbb25fae4926703,4,2015-06-19 06:10:00
d3d172ee8d1ac84bb35572015d83ba89924520a9dd800f63cdbb25fae4926703,4,2015-06-19 06:15:00
d3d172ee8d1ac84bb35572015d83ba89924520a9dd800f63cdbb25fae4926703,4,2015-06-19 06:20:00
d3d172ee8d1ac84bb35572015d83ba89924520a9dd800f63cdbb25fae4926703,4,2015-06-19 06:25:00
d3d172ee8d1ac84bb35572015d83ba89924520a9dd800f63cdbb25fae4926703,4,2015-06-19 06:30:00
d3d172ee8d1ac84bb35572015d83ba89924520a9dd800f63cdbb25fae4926703,4,2015-06-19 06:35:00
d3d172ee8d1ac84bb35572015d83ba89924520a9dd800f63cdbb25fae4926703,4,2015-06-19 06:40:00
d3d172ee8d1ac84bb35572015d83ba89924520a9dd800f63cdbb25fae4926703,4,2015-06-19 06:45:00
d3d172ee8d1ac84bb35572015d83ba89924520a9dd800f63cdbb25fae4926703,4,2015-06-19 06:50:00
d3d172ee8d1ac84bb35572015d83ba89924520a9dd800f63cdbb25fae4926703,4,2015-06-19 06:55:00
d3d172ee8d1ac84bb35572015d83ba89924520a9dd800f63cdbb25fae4926703,4,2015-06-19 07:00:00
d3d172ee8d1ac84bb35572015d83ba89924520a9dd800f63cdbb25fae4926703,4,2015-06-19 07:05:00
d3d172ee8d1ac84bb35572015d83ba89924520a9dd800f63cdbb25fae4926703,4,2015-06-19 07:10:00
d3d172ee8d1ac84bb35572015d83ba89924520a9dd800f63cdbb25fae4926703,4,2015-06-19 07:15:00
d3d172ee8d1ac84bb35572015d83ba89924520a9dd800f63cdbb25fae4926703,4,2015-06-19 07:20:00
d3d172ee8d1ac84bb35572015d83ba89924520a9dd800f63cdbb25fae4926703,4,2015-06-19 07:25:00
d3d172ee8d1ac84bb35572015d83ba89924520a9dd800f63cdbb25fae4926703,4,2015-06-19 07:30:00
d3d172ee8d1ac84bb35572015d83ba89924520a9dd800f63cdbb25fae4926703,4,2015-06-19 07:35:00
d3d172ee8d1ac84bb35572015d83ba89924520a9dd800f63cdbb25fae4926703,4,2015-06-19 07:40:00
d3d172ee8d1ac84bb35572015d83ba89924520a9dd800f63cdbb25fae4926703,4,2015-06-19 07:45:00
d3d172ee8d1ac84bb35572015d83ba89924520a9dd800f63cdbb25fae4926703,4,2015-06-19 07:50:00
d3d172ee8d1ac84bb35572015d83ba89924520a9dd800f63cdbb25fae4926703,4,2015-06-19 07:55:00
d3d172ee8d1ac84bb35572015d83ba89924520a9dd800f63cdbb25fae4926703,4,2015-06-19 08:00:00
d3d172ee8d1ac84bb35572015d83ba89924520a9dd800f63cdbb25fae4926703,4,2015-06-19 08:05:00
d3d172ee8d1ac84bb35572015d83ba89924520a9dd800f63cdbb25fae4926703,4,2015-06-19 08:10:00
d3d172ee8d1ac84bb35572015d83ba89924520a9dd800f63cdbb25fae4926703,4,2015-06-19 08:15:00
d3d172ee8d1ac84bb35572015d83ba89924520a9dd800f63cdbb25fae4926703,4,2015-06-19 08:20:00
d3d172ee8d1ac84bb35572015d83ba89924520a9dd800f63cdbb25fae4926703,4,2015-06-19 08:25:00
d3d172ee8d1ac84bb35572015d83ba89924520a9dd800f63cdbb25fae4926703,4,2015-06-19 08:30:00
d3d172ee8d1ac84bb35572015d83ba89924520a9dd800f63cdbb25fae4926703,4,2015-06-19 08:35:00
d3d172ee8d1ac84bb35572015d83ba89924520a9dd800f63cdbb25fae4926703,4,2015-06-19 08:40:00
d3d172ee8d1ac84bb35572015d83ba89924520a9dd800f63cdbb25fae4926703,4,2015-06-19 08:45:00
d3d172ee8d1ac84bb35572015d83ba89924520a9dd800f63cdbb25fae4926703,4,2015-06-19 08:50:00
d3d172ee8d1ac84bb35572015d83ba89924520a9dd800f63cdbb25fae4926703,4,2015-06-19 08:55:00
e3608a2244579e1215b00ec19ec50290b61fd2496675990f28e02e7418fe5707,4,2015-06-19 06:45:00
e3608a2244579e1215b00ec19ec50290b61fd2496675990f28e02e7418fe5707,4,2015-06-19 08:55:00
0a2a531bc7eedf57149244b936eb98b184efa71d231d8b7111b3c1c35475d0c1,4,2015-06-19 00:00:00
0a2a531bc7eedf57149244b936eb98b184efa71d231d8b7111b3c1c35475d0c1,4,2015-06-19 00:10:00
0a2a531bc7eedf57149244b936eb98b184efa71d231d8b7111b3c1c35475d0c1,4,2015-06-19 00:20:00
0a2a531bc7eedf57149244b936eb98b184efa71d231d8b7111b3c1c35475d0c1,4,2015-06-19 00:25:00
0a2a531bc7eedf57149244b936eb98b184efa71d231d8b7111b3c1c35475d0c1,4,2015-06-19 00:30:00
0a2a531bc7eedf57149244b936eb98b184efa71d231d8b7111b3c1c35475d0c1,4,2015-06-19 00:40:00
0a2a531bc7eedf57149244b936eb98b184efa71d231d8b7111b3c1c35475d0c1,4,2015-06-19 00:45:00
0a2a531bc7eedf57149244b936eb98b184efa71d231d8b7111b3c1c35475d0c1,4,2015-06-19 00:50:00
0a2a531bc7eedf57149244b936eb98b184efa71d231d8b7111b3c1c35475d0c1,4,2015-06-19 00:55:00
0a2a531bc7eedf57149244b936eb98b184efa71d231d8b7111b3c1c35475d0c1,4,2015-06-19 01:05:00
0a2a531bc7eedf57149244b936eb98b184efa71d231d8b7111b3c1c35475d0c1,4,2015-06-19 01:10:00
0a2a531bc7eedf57149244b936eb98b184efa71d231d8b7111b3c1c35475d0c1,4,2015-06-19 01:15:00
0a2a531bc7eedf57149244b936eb98b184efa71d231d8b7111b3c1c35475d0c1,4,2015-06-19 01:35:00
0a2a531bc7eedf57149244b936eb98b184efa71d231d8b7111b3c1c35475d0c1,4,2015-06-19 01:40:00
0a2a531bc7eedf57149244b936eb98b184efa71d231d8b7111b3c1c35475d0c1,4,2015-06-19 01:45:00
0a2a531bc7eedf57149244b936eb98b184efa71d231d8b7111b3c1c35475d0c1,4,2015-06-19 02:00:00
0a2a531bc7eedf57149244b936eb98b184efa71d231d8b7111b3c1c35475d0c1,4,2015-06-19 02:05:00
0a2a531bc7eedf57149244b936eb98b184efa71d231d8b7111b3c1c35475d0c1,4,2015-06-19 02:10:00
0a2a531bc7eedf57149244b936eb98b184efa71d231d8b7111b3c1c35475d0c1,4,2015-06-19 02:15:00
0a2a531bc7eedf57149244b936eb98b184efa71d231d8b7111b3c1c35475d0c1,4,2015-06-19 02:20:00
0a2a531bc7eedf57149244b936eb98b184efa71d231d8b7111b3c1c35475d0c1,4,2015-06-19 02:30:00
0a2a531bc7eedf57149244b936eb98b184efa71d231d8b7111b3c1c35475d0c1,4,2015-06-19 02:35:00
0a2a531bc7eedf57149244b936eb98b184efa71d231d8b7111b3c1c35475d0c1,4,2015-06-19 02:40:00
0a2a531bc7eedf57149244b936eb98b184efa71d231d8b7111b3c1c35475d0c1,4,2015-06-19 02:45:00
0a2a531bc7eedf57149244b936eb98b184efa71d231d8b7111b3c1c35475d0c1,4,2015-06-19 02:55:00
0a2a531bc7eedf57149244b936eb98b184efa71d231d8b7111b3c1c35475d0c1,4,2015-06-19 03:00:00
0a2a531bc7eedf57149244b936eb98b184efa71d231d8b7111b3c1c35475d0c1,4,2015-06-19 03:05:00
0a2a531bc7eedf57149244b936eb98b184efa71d231d8b7111b3c1c35475d0c1,4,2015-06-19 03:10:00
0a2a531bc7eedf57149244b936eb98b184efa71d231d8b7111b3c1c35475d0c1,4,2015-06-19 03:15:00
0a2a531bc7eedf57149244b936eb98b184efa71d231d8b7111b3c1c35475d0c1,4,2015-06-19 03:20:00
0a2a531bc7eedf57149244b936eb98b184efa71d231d8b7111b3c1c35475d0c1,4,2015-06-19 03:25:00
0a2a531bc7eedf57149244b936eb98b184efa71d231d8b7111b3c1c35475d0c1,4,2015-06-19 03:30:00
0a2a531bc7eedf57149244b936eb98b184efa71d231d8b7111b3c1c35475d0c1,4,2015-06-19 03:35:00
0a2a531bc7eedf57149244b936eb98b184efa71d231d8b7111b3c1c35475d0c1,4,2015-06-19 03:40:00
0a2a531bc7eedf57149244b936eb98b184efa71d231d8b7111b3c1c35475d0c1,4,2015-06-19 03:45:00
0a2a531bc7eedf57149244b936eb98b184efa71d231d8b7111b3c1c35475d0c1,4,2015-06-19 03:50:00
0a2a531bc7eedf57149244b936eb98b184efa71d231d8b7111b3c1c35475d0c1,4,2015-06-19 03:55:00
0a2a531bc7eedf57149244b936eb98b184efa71d231d8b7111b3c1c35475d0c1,4,2015-06-19 04:05:00
0a2a531bc7eedf57149244b936eb98b184efa71d231d8b7111b3c1c35475d0c1,4,2015-06-19 04:10:00
0a2a531bc7eedf57149244b936eb98b184efa71d231d8b7111b3c1c35475d0c1,4,2015-06-19 04:15:00
0a2a531bc7eedf57149244b936eb98b184efa71d231d8b7111b3c1c35475d0c1,4,2015-06-19 04:20:00
0a2a531bc7eedf57149244b936eb98b184efa71d231d8b7111b3c1c35475d0c1,4,2015-06-19 04:25:00
0a2a531bc7eedf57149244b936eb98b184efa71d231d8b7111b3c1c35475d0c1,4,2015-06-19 04:30:00
0a2a531bc7eedf57149244b936eb98b184efa71d231d8b7111b3c1c35475d0c1,4,2015-06-19 04:35:00
0a2a531bc7eedf57149244b936eb98b184efa71d231d8b7111b3c1c35475d0c1,4,2015-06-19 04:40:00
0a2a531bc7eedf57149244b936eb98b184efa71d231d8b7111b3c1c35475d0c1,4,2015-06-19 04:45:00
0a2a531bc7eedf57149244b936eb98b184efa71d231d8b7111b3c1c35475d0c1,4,2015-06-19 04:50:00
0a2a531bc7eedf57149244b936eb98b184efa71d231d8b7111b3c1c35475d0c1,4,2015-06-19 04:55:00
0a2a531bc7eedf57149244b936eb98b184efa71d231d8b7111b3c1c35475d0c1,4,2015-06-19 05:00:00
0a2a531bc7eedf57149244b936eb98b184efa71d231d8b7111b3c1c35475d0c1,4,2015-06-19 05:05:00
0a2a531bc7eedf57149244b936eb98b184efa71d231d8b7111b3c1c35475d0c1,4,2015-06-19 05:10:00
0a2a531bc7eedf57149244b936eb98b184efa71d231d8b7111b3c1c35475d0c1,4,2015-06-19 05:15:00
0a2a531bc7eedf57149244b936eb98b184efa71d231d8b7111b3c1c35475d0c1,4,2015-06-19 05:20:00
0a2a531bc7eedf57149244b936eb98b184efa71d231d8b7111b3c1c35475d0c1,4,2015-06-19 05:25:00
0a2a531bc7eedf57149244b936eb98b184efa71d231d8b7111b3c1c35475d0c1,4,2015-06-19 05:30:00
0a2a531bc7eedf57149244b936eb98b184efa71d231d8b7111b3c1c35475d0c1,4,2015-06-19 05:35:00
0a2a531bc7eedf57149244b936eb98b184efa71d231d8b7111b3c1c35475d0c1,4,2015-06-19 05:40:00
0a2a531bc7eedf57149244b936eb98b184efa71d231d8b7111b3c1c35475d0c1,4,2015-06-19 05:45:00
0a2a531bc7eedf57149244b936eb98b184efa71d231d8b7111b3c1c35475d0c1,4,2015-06-19 05:50:00
0a2a531bc7eedf57149244b936eb98b184efa71d231d8b7111b3c1c35475d0c1,4,2015-06-19 05:55:00
0a2a531bc7eedf57149244b936eb98b184efa71d231d8b7111b3c1c35475d0c1,4,2015-06-19 06:00:00
0a2a531bc7eedf57149244b936eb98b184efa71d231d8b7111b3c1c35475d0c1,4,2015-06-19 06:10:00
0a2a531bc7eedf57149244b936eb98b184efa71d231d8b7111b3c1c35475d0c1,4,2015-06-19 06:15:00
0a2a531bc7eedf57149244b936eb98b184efa71d231d8b7111b3c1c35475d0c1,4,2015-06-19 06:20:00
0a2a531bc7eedf57149244b936eb98b184efa71d231d8b7111b3c1c35475d0c1,4,2015-06-19 06:25:00
0a2a531bc7eedf57149244b936eb98b184efa71d231d8b7111b3c1c35475d0c1,4,2015-06-19 06:30:00
0a2a531bc7eedf57149244b936eb98b184efa71d231d8b7111b3c1c35475d0c1,4,2015-06-19 06:35:00
0a2a531bc7eedf57149244b936eb98b184efa71d231d8b7111b3c1c35475d0c1,4,2015-06-19 06:55:00
0a2a531bc7eedf57149244b936eb98b184efa71d231d8b7111b3c1c35475d0c1,4,2015-06-19 07:00:00
0a2a531bc7eedf57149244b936eb98b184efa71d231d8b7111b3c1c35475d0c1,4,2015-06-19 07:05:00
0a2a531bc7eedf57149244b936eb98b184efa71d231d8b7111b3c1c35475d0c1,4,2015-06-19 07:10:00
0a2a531bc7eedf57149244b936eb98b184efa71d231d8b7111b3c1c35475d0c1,4,2015-06-19 07:20:00
0a2a531bc7eedf57149244b936eb98b184efa71d231d8b7111b3c1c35475d0c1,4,2015-06-19 07:25:00
0a2a531bc7eedf57149244b936eb98b184efa71d231d8b7111b3c1c35475d0c1,4,2015-06-19 07:30:00
0a2a531bc7eedf57149244b936eb98b184efa71d231d8b7111b3c1c35475d0c1,4,2015-06-19 07:35:00
0a2a531bc7eedf57149244b936eb98b184efa71d231d8b7111b3c1c35475d0c1,4,2015-06-19 07:40:00
0a2a531bc7eedf57149244b936eb98b184efa71d231d8b7111b3c1c35475d0c1,4,2015-06-19 07:45:00
0a2a531bc7eedf57149244b936eb98b184efa71d231d8b7111b3c1c35475d0c1,4,2015-06-19 07:50:00
0a2a531bc7eedf57149244b936eb98b184efa71d231d8b7111b3c1c35475d0c1,4,2015-06-19 07:55:00
0a2a531bc7eedf57149244b936eb98b184efa71d231d8b7111b3c1c35475d0c1,4,2015-06-19 08:00:00
0a2a531bc7eedf57149244b936eb98b184efa71d231d8b7111b3c1c35475d0c1,4,2015-06-19 08:05:00
0a2a531bc7eedf57149244b936eb98b184efa71d231d8b7111b3c1c35475d0c1,4,2015-06-19 08:15:00
0a2a531bc7eedf57149244b936eb98b184efa71d231d8b7111b3c1c35475d0c1,4,2015-06-19 08:25:00
0a2a531bc7eedf57149244b936eb98b184efa71d231d8b7111b3c1c35475d0c1,4,2015-06-19 08:30:00
0a2a531bc7eedf57149244b936eb98b184efa71d231d8b7111b3c1c35475d0c1,4,2015-06-19 08:35:00
0a2a531bc7eedf57149244b936eb98b184efa71d231d8b7111b3c1c35475d0c1,4,2015-06-19 08:40:00
0a2a531bc7eedf57149244b936eb98b184efa71d231d8b7111b3c1c35475d0c1,4,2015-06-19 08:45:00
0a2a531bc7eedf57149244b936eb98b184efa71d231d8b7111b3c1c35475d0c1,4,2015-06-19 08:50:00
0a2a531bc7eedf57149244b936eb98b184efa71d231d8b7111b3c1c35475d0c1,4,2015-06-19 08:55:00
c575777ec508bc53a6fe96f46e1faa4cff71be90d537a30d6a56daaa2132ce0a,4,2015-06-19 00:10:00
9bd70ad5b5b8e36c595cb8fc3e44cf799cacdcec49c638a7a2e058bc862e179b,4,2015-06-19 00:10:00
9bd70ad5b5b8e36c595cb8fc3e44cf799cacdcec49c638a7a2e058bc862e179b,4,2015-06-19 00:15:00
46ec9e1caf10d952277c026da2c0ef875f21958307bab95bdfdf825f33d40824,4,2015-06-19 01:05:00
ac442e8af635ab3e419887595b88b71e2145340d88d41057d5c037ca1a0503c2,4,2015-06-19 02:45:00
0ce0ad2b5275cffafc516f671b0233aa9f25c0d1bfdd204e303fcedbb0000338,4,2015-06-19 00:15:00
0ce0ad2b5275cffafc516f671b0233aa9f25c0d1bfdd204e303fcedbb0000338,4,2015-06-19 00:40:00
0ce0ad2b5275cffafc516f671b0233aa9f25c0d1bfdd204e303fcedbb0000338,4,2015-06-19 01:10:00
0ce0ad2b5275cffafc516f671b0233aa9f25c0d1bfdd204e303fcedbb0000338,4,2015-06-19 01:15:00
0ce0ad2b5275cffafc516f671b0233aa9f25c0d1bfdd204e303fcedbb0000338,4,2015-06-19 01:20:00
0ce0ad2b5275cffafc516f671b0233aa9f25c0d1bfdd204e303fcedbb0000338,4,2015-06-19 01:25:00
0ce0ad2b5275cffafc516f671b0233aa9f25c0d1bfdd204e303fcedbb0000338,4,2015-06-19 01:45:00
0ce0ad2b5275cffafc516f671b0233aa9f25c0d1bfdd204e303fcedbb0000338,4,2015-06-19 01:50:00
0ce0ad2b5275cffafc516f671b0233aa9f25c0d1bfdd204e303fcedbb0000338,4,2015-06-19 01:55:00
0ce0ad2b5275cffafc516f671b0233aa9f25c0d1bfdd204e303fcedbb0000338,4,2015-06-19 02:00:00
0ce0ad2b5275cffafc516f671b0233aa9f25c0d1bfdd204e303fcedbb0000338,4,2015-06-19 02:05:00
0ce0ad2b5275cffafc516f671b0233aa9f25c0d1bfdd204e303fcedbb0000338,4,2015-06-19 02:10:00
0ce0ad2b5275cffafc516f671b0233aa9f25c0d1bfdd204e303fcedbb0000338,4,2015-06-19 02:15:00
0ce0ad2b5275cffafc516f671b0233aa9f25c0d1bfdd204e303fcedbb0000338,4,2015-06-19 02:20:00
0ce0ad2b5275cffafc516f671b0233aa9f25c0d1bfdd204e303fcedbb0000338,4,2015-06-19 02:25:00
0ce0ad2b5275cffafc516f671b0233aa9f25c0d1bfdd204e303fcedbb0000338,4,2015-06-19 02:30:00
0ce0ad2b5275cffafc516f671b0233aa9f25c0d1bfdd204e303fcedbb0000338,4,2015-06-19 02:35:00
0ce0ad2b5275cffafc516f671b0233aa9f25c0d1bfdd204e303fcedbb0000338,4,2015-06-19 02:40:00
0ce0ad2b5275cffafc516f671b0233aa9f25c0d1bfdd204e303fcedbb0000338,4,2015-06-19 02:45:00
0ce0ad2b5275cffafc516f671b0233aa9f25c0d1bfdd204e303fcedbb0000338,4,2015-06-19 02:50:00
0ce0ad2b5275cffafc516f671b0233aa9f25c0d1bfdd204e303fcedbb0000338,4,2015-06-19 02:55:00
0ce0ad2b5275cffafc516f671b0233aa9f25c0d1bfdd204e303fcedbb0000338,4,2015-06-19 03:00:00
0ce0ad2b5275cffafc516f671b0233aa9f25c0d1bfdd204e303fcedbb0000338,4,2015-06-19 03:05:00
0ce0ad2b5275cffafc516f671b0233aa9f25c0d1bfdd204e303fcedbb0000338,4,2015-06-19 03:10:00
0ce0ad2b5275cffafc516f671b0233aa9f25c0d1bfdd204e303fcedbb0000338,4,2015-06-19 03:15:00
0ce0ad2b5275cffafc516f671b0233aa9f25c0d1bfdd204e303fcedbb0000338,4,2015-06-19 03:20:00
3fa74aeeacce67e14f47103bfa80250aa30d854767f513b7d9c088c87e5bd0f3,4,2015-06-19 00:00:00
f5d796582cf4cf220ef9eea356ce244b910728ed3b4cf6f081bfecc9ae62f1db,4,2015-06-19 02:40:00
f5d796582cf4cf220ef9eea356ce244b910728ed3b4cf6f081bfecc9ae62f1db,4,2015-06-19 02:50:00
f5d796582cf4cf220ef9eea356ce244b910728ed3b4cf6f081bfecc9ae62f1db,4,2015-06-19 03:00:00
35d101d1dccb35419ab09d69ba5e09f8e8986b37c02c8e56ed18c074e9f770e3,4,2015-06-19 00:45:00
ab7628d11c6e19885e9838cc362627142d1739854787e77202418312902cf795,4,2015-06-19 08:25:00
e8ad939c6fb5e6bbe771deb22424c71bf75e0f4cef185ec6a63b3395633be624,4,2015-06-19 04:45:00
055e4345bf2ac2be23ca8ed8853b89fcc04a05fcad7a8d75f1b3bd11f752e87f,4,2015-06-19 02:45:00
055e4345bf2ac2be23ca8ed8853b89fcc04a05fcad7a8d75f1b3bd11f752e87f,4,2015-06-19 02:50:00
5eae2c7f4e766e917f3620b2cab8ba4226d1bf9ad963b49a139be47ae36bc8cf,4,2015-06-19 08:55:00
3e261e539421fb8ef7ef401e9c8abecf394e43d0c2bdd62fa3f8a9d787bcc3ed,4,2015-06-19 00:15:00
3e261e539421fb8ef7ef401e9c8abecf394e43d0c2bdd62fa3f8a9d787bcc3ed,4,2015-06-19 01:15:00
3e261e539421fb8ef7ef401e9c8abecf394e43d0c2bdd62fa3f8a9d787bcc3ed,4,2015-06-19 02:20:00
3e261e539421fb8ef7ef401e9c8abecf394e43d0c2bdd62fa3f8a9d787bcc3ed,4,2015-06-19 03:20:00
3e261e539421fb8ef7ef401e9c8abecf394e43d0c2bdd62fa3f8a9d787bcc3ed,4,2015-06-19 04:20:00
3e261e539421fb8ef7ef401e9c8abecf394e43d0c2bdd62fa3f8a9d787bcc3ed,4,2015-06-19 05:20:00
3e261e539421fb8ef7ef401e9c8abecf394e43d0c2bdd62fa3f8a9d787bcc3ed,4,2015-06-19 06:20:00
3e261e539421fb8ef7ef401e9c8abecf394e43d0c2bdd62fa3f8a9d787bcc3ed,4,2015-06-19 07:20:00
3e261e539421fb8ef7ef401e9c8abecf394e43d0c2bdd62fa3f8a9d787bcc3ed,4,2015-06-19 08:20:00
3e261e539421fb8ef7ef401e9c8abecf394e43d0c2bdd62fa3f8a9d787bcc3ed,4,2015-06-19 08:25:00
